DATE,COUNTRY,FDC,GYSY,YYSW,DZ,YSJS,ZH,JXSB,SYMY,JZZS,JYDQ,JTYS,QGZZ,QC,CM,HG,JSJ,TX,JZCL,XXFW,GFJG,FYJR,DQSB,SPYL,NLMY,CJ,GT,FZFZ,YH,LNCAP,MidCAP,BETA,HISTA,DAILYSTD,CULRANGE,MONSHT,QUATSHT,ANNUALSHT,ANNUALTVR,STR,SEASONAL,INDMOM,RSMOM,HISTA,MLEV,BLEV,DTOA,VARS,VARE,VARCF,ABS,ACF,ATO,GPROF,GPM,ROA,TAGR,ISSG,CEG,BOTP,TEPR,CEP,EBITTOEV,LTRS,LTHA,HEPSG,HSPSG,DIVYID
2014/1/29,0.03174479,-0.476484669,-0.438709441,-0.681682366,0.048294386,-0.170805721,0.33941988,-0.157011718,-0.174911618,0.158873209,0.2801799,-0.495555824,0.184057546,-0.169988602,0.091071241,-0.32540704,0.139511591,0.137077397,0.119936556,0.382155072,0.095771318,0.003024432,0.239301251,-0.129062786,0.133329432,-0.26357256,0.055175236,0.2183678,-0.15087891,0.00510109,0.014927076,0.006500277,0.013379543,-0.01449114,-0.00471021,-0.017039817,0.013406014,-0.008337616,0.012777732,0.00573257,-0.000835566,0.2975902,-0.019183808,0.007459308,-0.021064512,0.022217834,-0.006165449,0.003009293,-0.000649441,-0.017271004,-0.005232755,0.005812018,0.005775281,0.015723351,-0.005729919,-0.015923341,-0.000131975,-0.004379635,-0.003140793,-0.018800148,-0.00450482,-0.006039931,0.007889769,-0.010721109,0.020127299,-0.012082649,0.003169713,0.002145875
2014/2/26,0.258423738,0.207495726,0.103940519,0.145426885,-0.034223554,0.006744192,-0.069378724,0.010509739,0.056275564,-0.01242211,-0.059747234,0.113845199,-0.07685806,0.066680533,-0.071325529,0.089382148,-0.041019266,-0.030243685,-0.006245469,-0.091149056,-0.070648242,0.016065356,-0.056802469,-0.011134569,-0.058178652,-0.015600822,-0.038917679,-0.030274996,0.092794988,-0.015419101,0.004734028,-0.000757296,-0.077389231,0.075887804,0.003689492,-0.008306105,0.010328445,0.015478974,-0.036037774,-0.006546533,0.00192129,-0.075202184,-0.000123153,-0.025335449,0.011567448,-0.013019261,-0.003435963,0.011751595,0.003433015,-0.010899133,-0.001660469,0.006671505,-0.011632383,0.003581632,-0.006628953,-0.004680322,0.007531954,-0.006306383,0.011022493,0.001411621,0.007015113,0.00350871,0.00764895,0.008811565,0.001460226,-0.005904212,0.003461114,0.004942797
2014/3/28,-0.20009358,-0.189232973,-0.18919541,-0.25315467,0.030598941,-0.059494862,0.128576587,-0.073636663,-0.025966648,0.080343422,0.079882791,-0.257322634,0.061353196,-0.001553463,0.133332416,-0.166566607,0.051459573,0.036534977,0.09298632,0.12796373,0.092183442,-0.04574666,0.019347105,0.019361801,0.073411473,-0.094717559,0.020517592,0.052678376,-0.123021183,0.009166731,0.010919393,-0.003084435,0.050112851,-0.052372644,-0.009100689,-0.02807674,0.025592153,0.005085345,-0.012141845,0.001659196,0.000549749,0.116977245,-0.006574869,-0.002723149,-0.029769304,0.072811235,0.003683416,0.003561739,0.012407829,0.009229279,0.004925373,0.004021112,-0.00211593,0.005687418,0.001940026,0.003160947,-0.004063285,-0.001019127,0.001835836,-0.049527041,-0.019620647,-0.008448847,0.001952383,-0.009402912,0.00948365,0.002475338,-0.018409401,-0.000236677
2014/4/29,0.232630705,0.095094529,0.086858873,0.149125239,0.018611238,0.034183676,-0.110371486,0.021977164,-0.006442056,-0.031474108,-0.087526228,0.114750232,-0.029483592,0.009229969,-0.01230189,0.066637498,0.027156117,0.001935429,-0.001707927,-0.060252244,-0.027931722,0.019956882,-0.048167126,-0.035457002,-0.057644353,0.048731376,-0.027091477,-0.067916215,0.003289577,-0.012293505,-0.00143904,0.005794036,0.054448415,-0.055511108,0.003184468,-0.007772254,-0.011779357,0.004957136,0.006743382,0.002053412,0.002983508,-0.063654169,0.000390346,0.003296282,-0.00121086,-0.006841262,0.003543486,-0.001471984,0.008466162,0.000104928,-0.004913461,0.004002838,0.010146447,-0.012517587,0.004261759,0.009268137,0.008054845,-0.0003801,-0.000229933,0.006293264,0.000587213,0.00250358,-0.01225352,0.005126892,-0.004735041,0.008979377,0.015137594,0.006095561
2014/5/29,0.198928034,-0.049320947,-0.034040536,-0.044402097,0.056474389,0.009706648,0.016396335,-0.027757605,-0.033501932,-0.004379772,0.010273073,-0.050226483,0.06979598,0.036283916,0.05027553,-0.032117067,0.083418582,0.028481736,-0.023315076,0.033180106,0.056683243,-0.031289919,0.00066883,-0.030596832,-0.030492985,-0.025191708,0.039049123,-0.022410818,-0.021422931,-0.00889905,0.011675749,0.001478206,0.001278176,-0.010023988,-0.00404396,-0.001435565,-0.011662737,0.010357318,0.005831028,-0.001719956,-0.001438834,0.014288168,-0.001380224,-0.001553946,0.016262237,-0.036517836,-0.001207002,0.007821964,0.015765672,-0.011070551,-0.009497189,0.004913939,-0.063187567,0.065751201,-0.001202126,-0.001185154,0.004554942,0.004540912,0.009991416,0.017619736,0.026891737,0.000637836,0.000931324,-0.026267996,0.032211624,-0.006983024,-0.008340066,-0.000686749
2014/6/27,0.128652224,-0.358048008,-0.460400939,-0.51591399,0.016927607,-0.024136907,0.30756159,-0.209725361,-0.112696232,0.125259263,0.209519054,-0.5468056,0.143863485,-0.098615861,0.140074844,-0.412518231,0.110374061,0.08524221,0.149978092,0.318963833,0.181471639,-0.028998938,0.12151763,-0.060476597,0.193583903,-0.189212449,0.142617918,0.161265417,-0.207289554,0.004132746,0.021928015,0.006376082,0.025237453,-0.046426136,0.008023015,0.000891651,0.010001156,-0.01179495,0.004148766,0.004763433,0.000738269,0.25898856,0.00943538,-0.029736063,-0.016066915,0.042503146,0.003368436,0.009502871,0.017815053,-0.00784181,-0.001891542,0.001034734,-0.092845838,0.097297016,0.000552192,-0.002251871,0.012532531,0.001587159,-0.017747154,-0.040833166,-0.01089755,0.000195939,0.002807703,0.052539888,-0.046198618,0.000587591,-0.009834806,0.006167201
2014/7/30,0.301572977,0.022771501,0.061517197,0.056009118,0.029668614,0.005459821,-0.045477155,0.020878712,0.007245983,-0.012311836,-0.012106861,0.064472203,-0.017388546,0.063478518,0.087002452,0.043281144,0.00837441,-0.067446147,-0.04301468,-0.05780932,0.034930238,-0.026215695,0.037659733,0.013211335,-0.014369136,0.009841593,0.020481338,-0.012941567,-0.034354116,-0.014384829,0.002465357,0.004775793,-0.061803217,0.051582151,0.002259143,-0.027681011,0.017086105,0.000816974,0.001278777,0.001132943,0.000426026,-0.027182469,-0.001444657,-0.001601983,0.00340442,-0.007662661,-0.007791089,0.009989813,0.013114595,-0.0011533,-0.006032914,0.001717335,0.027440367,-0.025501526,0.003678313,-0.016762215,0.007609552,0.002020372,-0.004100337,0.002524302,-0.004924671,0.003958518,-0.001316992,-0.005697858,0.006521905,-0.001435768,-0.024041655,0.001318283
2014/8/28,0.561812506,-0.080038764,-0.007533341,-0.106290197,-0.014451625,-0.075529213,0.042282962,0.0015222,-0.035363083,-0.001462952,0.052735513,-0.072826147,0.062182651,-0.033184778,0.032467661,-0.080058462,0.018647582,0.007646087,-0.012291415,0.088486246,0.213502162,-0.033440193,0.003147546,-0.048386548,0.068873762,-0.054607874,-0.033197575,0.03767334,-0.018849381,-0.019759427,0.01263068,0.010085598,-0.000177647,-0.005461566,-0.015870881,-0.013947744,0.030844987,-0.004065902,-0.000558815,0.003994993,-0.006150814,0.044250515,0.013110516,-0.015717072,-0.011507084,0.055336861,0.000149577,0.005751617,-0.006156147,-0.002410447,0.004584258,0.00053795,-0.003640547,0.005161426,-0.006930591,0.008341436,0.001562104,0.005174968,-0.005561332,-0.070262372,-0.003410249,0.001818988,-0.013427629,0.055097521,-0.026064853,-0.010268011,0.001785102,-0.000241563
2014/9/29,-0.092172184,0.032243628,0.021272746,0.063503671,-0.014613589,-0.018063399,0.034838415,0.03251704,-0.010602764,0.086863348,-0.042196797,0.099994986,-0.025216513,0.033600757,-0.06012747,-0.014035528,0.028920585,-0.042241712,0.011282858,-0.082955132,-0.003246662,-0.026430735,-0.022603672,-0.024396154,-0.082629879,-0.035685074,0.048052717,-0.025066297,0.035163761,0.003256967,-0.004289315,0.012032773,-0.006359211,-0.007689235,-0.01047215,-0.017714289,0.012932907,0.004531037,0.00821526,0.000730765,0.003693661,-0.010883761,0.009032901,0.013902322,0.065005851,-0.103904666,-0.00250416,-0.00298765,-0.001484656,-0.018514798,0.003033993,-0.011350316,-0.041403023,0.053969132,0.002367592,-0.010153913,-0.005432124,-0.00231667,0.000979294,0.04877715,-0.010919623,0.002076131,-0.001850952,0.025562233,-0.013916681,-0.003263506,-0.009035409,-0.002553738
2014/10/30,-0.200232549,-0.074653558,-0.068954107,-0.116587371,-0.036141033,-0.014342034,0.049190683,0.074248186,0.014193685,0.060498521,0.049220579,-0.101235221,0.063449839,-0.021774359,-0.016216449,-0.090947681,0.019241178,0.012803679,0.009828805,0.056010399,-0.091633302,0.193023397,0.004263092,-0.026283218,0.070140121,-0.104634119,0.044983676,0.046565144,-0.077132734,0.011651306,-0.0006851,0.007550433,-0.047759386,0.04345568,-0.011981405,-0.016665678,0.026264326,-0.01502622,-0.00735138,0.005976682,-0.013275247,0.056967256,-0.006192292,0.009852813,-0.069784992,0.207094025,0.001313963,0.002521139,0.011891713,0.001333416,0.001192414,0.001886939,-0.002256305,-0.0120322,0.003187759,0.002034785,0.011515057,-0.000533709,5.91E-06,-0.147640649,-0.013651784,0.009151046,-0.002147061,0.054992374,-0.078811841,0.001141582,0.002958048,0.006463429
2014/11/27,-1.812641208,0.023077536,0.042701308,0.030127241,-0.025825824,0.026438959,0.023795754,0.124783132,0.074412656,0.17098002,-0.024448335,0.094639962,-0.003526574,-0.028000684,-0.028735158,-0.005938444,0.04647476,-0.070334749,0.089092567,0.026359536,-0.0362909,0.104593872,-0.049613716,0.049199645,-0.009443749,-0.009046367,0.053867016,-0.034173474,-0.025042709,0.079384026,0.004276438,-0.010083631,-0.088199742,0.103203848,-0.021655137,0.017043966,0.017738911,0.025257699,-0.068317418,-0.001307287,-0.008589471,-0.00823026,0.014292583,-0.003940255,0.179779882,-0.323437591,0.017835915,0.003285926,0.009557989,-0.04089432,0.009715749,-0.011094295,0.009271292,-0.002947799,0.026773871,-0.006045924,-0.004194024,0.002256976,-0.009406125,0.277949438,0.0128872,-0.007853425,0.021783569,0.048050979,-0.011694706,-0.009576977,7.15E-06,-0.010544703
2014/12/30,-0.029380228,0.537407193,0.36531247,0.535482144,-0.062943564,0.157506008,-0.186049125,-0.010078104,0.141133144,-0.104860762,-0.191102128,0.667281037,-0.183324357,0.228346705,-0.269698355,0.391285951,-0.096895921,-0.092761086,-0.232618666,-0.296329299,-0.128854391,0.159195344,-0.056060799,0.023265573,-0.160287875,0.478624751,-0.135079007,-0.163183496,0.398410149,-0.005220569,-0.008653637,-0.04877048,-0.053714678,0.061479052,0.002532071,-0.011640041,0.014426875,0.01160786,-0.017686335,-0.014686947,-0.010172856,-0.299996082,0.010428273,0.005260184,-0.066204242,0.195523068,-0.003609974,-0.002400315,0.004640168,0.034280994,-0.007277327,0.008754027,0.002653649,1.52E-05,-0.000204809,-0.005543604,-0.00817221,-0.007653971,0.00395971,-0.148288511,0.021961799,0.019762609,0.010654098,0.030997084,-0.057843511,0.004346093,0.00043651,0.002157433
2015/1/29,0.316348986,-0.022079716,-0.049508156,-0.041706429,0.016483393,-0.024465208,0.034302367,0.006630371,-0.022621839,0.009981077,0.077610085,-0.070112929,0.01866509,-0.02864086,0.114371708,-0.040167524,0.000524114,0.110065491,-0.008214347,0.01401984,0.008392028,0.016420434,-0.016678259,-0.021762101,-0.005144563,-0.072182695,0.013627383,0.017888049,-0.062480275,-0.013187149,-0.001027696,0.003787754,0.038895576,-0.028042734,-0.001246608,-0.014512372,-0.004518816,0.019933809,0.001252926,-0.007693467,0.000298192,0.026564683,-0.002981273,-0.002019272,-0.034349595,0.069221407,0.007434027,-0.001889904,-0.001481789,-0.008907269,0.001392154,0.003522871,0.025261645,-0.024896227,-0.001609418,0.012646068,0.001376731,-0.002447699,-0.008561236,-0.036410545,0.001742608,-0.002416325,-0.005804261,0.007418077,-0.012242228,0.003080632,-0.003526513,0.003086412
2015/2/26,0.870847501,0.143798553,0.073052076,0.118260982,-0.011128816,-0.031861163,-0.109650782,-0.016765438,0.049268774,-0.053474571,-0.078786614,0.227329667,-0.042722269,0.070672295,-0.115704499,0.105132529,-0.008419151,-0.036462467,-0.056078155,-0.014754153,-0.018570122,0.019727843,-0.044413787,-0.022427716,-0.021156373,0.093915845,-0.027746987,-0.040087478,0.143932176,-0.032643981,-0.014431583,-0.01956,-0.040954297,0.061991249,0.002102821,-0.014152709,0.027829621,0.00728091,-0.030582319,0.017818041,0.000359516,-0.075267012,-0.006947151,-0.020073792,0.011882938,-0.039437972,0.004452647,0.018300472,-0.024541667,-0.005629011,-0.014218482,0.001908998,-0.033613502,0.029234448,-0.022359041,-0.012879431,-0.002636512,0.00135798,0.002751496,0.013193951,0.009972786,-0.00365668,0.008159505,0.00059634,0.032408738,-0.014466571,-0.024022431,0.003790497
2015/3/30,-0.207111058,-0.285242194,-0.257214935,-0.236306614,-0.046519385,-0.051842926,0.051448924,-0.049524284,-0.069303827,0.097812219,0.12783229,-0.350449228,0.082126205,-0.167300415,0.138995052,-0.2459452,0.014019873,0.241001129,0.05297314,0.079501147,0.002041259,-0.124703485,0.053448608,-0.060689044,0.054287904,-0.30800147,-0.003341236,0.154216127,-0.396561927,0.019777587,0.021543308,0.029099241,-0.028787525,-0.008272116,0.031537878,-0.01012606,-0.016261875,0.062809262,-0.029378832,-0.00253598,-0.002878534,0.161893669,0.0018001,-0.031929247,0.145714118,-0.422465116,0.003156713,0.019474705,0.134121112,-0.019830388,0.008895528,0.003875994,0.014983534,-0.00311438,-0.006717087,-0.00350686,0.014026177,0.004465958,-0.017622362,0.32191771,-0.019457117,0.009750386,-0.032434621,-0.073956814,0.106698637,-0.014104308,0.060567214,0.001740771
2015/4/29,1.110590724,-0.006037732,0.008676686,-0.007795294,0.106084975,-0.043724718,0.028504031,-0.002793024,-0.010787429,0.018234468,0.028306514,-0.035651241,0.086999031,0.011953699,0.079197788,-0.023114242,0.016130628,0.044935906,-0.015340551,-0.025631431,0.255460079,-0.012735444,0.017873978,0.010372899,0.003489971,-0.029867996,-0.037163165,0.023551666,-0.030358825,-0.04438437,0.005571248,-0.021419924,0.157802132,-0.153208991,0.016687498,-0.095388742,0.078822173,0.050834553,-0.028407118,0.000914708,0.000905779,0.009134412,0.011328886,-0.004009322,0.042464886,-0.097931488,-0.005585413,0.008473687,0.002478106,-0.005857269,-0.005499339,0.005435347,0.001512623,-0.007486293,0.000916837,-0.017495418,-0.001336612,-0.017038935,-0.013230343,0.011070434,-0.030608788,0.005358779,-0.005092673,-0.138917461,0.196556153,-0.009667985,-0.009708948,0.014727473
2015/5/28,0.192182371,-0.43901856,-0.43678273,-0.589172829,0.033775954,-0.089645791,0.164670425,-0.046354321,-0.054589862,-0.082201886,0.204404671,-0.641777501,0.331298675,-0.137516618,0.141464804,-0.345708272,0.157471315,0.118641434,0.137086877,0.335889633,-0.01002971,-0.074110157,0.077317127,0.053586373,0.237078768,-0.370303045,0.124313038,0.325641356,-0.109046555,-0.006148237,0.010599468,-0.003632774,-0.252427702,0.240703588,0.036443958,0.004076538,-0.027854393,-0.00787514,0.03134509,-0.000994325,0.038695301,0.317441773,0.019722389,-0.071371943,0.147037558,-0.358031699,0.019294929,0.021445087,-0.00379227,0.020113421,0.006108495,0.013141533,0.122430966,-0.124013678,-0.000171127,0.027861368,0.006370941,0.005634087,-0.017274737,0.196470573,0.001278424,0.00688978,0.013183945,-0.079033306,0.145394142,-0.008724387,0.002580028,-0.014000753
2015/6/29,-0.333020027,0.317556936,0.167609392,0.437997514,-0.016848027,-0.029356691,-0.208653545,0.002960982,-0.028452833,-0.021167123,-0.131754264,0.504785745,-0.223857816,0.090420272,-0.273149419,0.290894678,-0.188252573,-0.144127899,-0.125581558,-0.092395287,0.198386303,-0.079610781,-0.132598968,0.034243786,0.073565421,0.33741317,-0.072968368,-0.167410678,0.283178492,0.002752975,0.002640717,0.020310761,0.286182076,-0.289788978,0.036488881,0.004396784,-0.081281843,0.069588273,0.003432313,0.004979225,0.017028762,-0.216791707,0.011951408,-0.048657434,-0.031223321,0.174374917,0.013837546,-0.002645431,-0.007652059,0.01360015,0.006126834,0.009741637,-0.020069204,0.018956786,-0.001478617,0.036187246,-0.010183003,3.95E-05,-0.043198369,-0.120259542,-0.027195755,-0.028753359,0.028499194,-0.051416647,0.067372662,0.003872539,0.006011593,-0.007107156
2015/7/30,-0.139704761,-0.052003167,-0.094890347,-0.182808502,0.04479969,0.049783156,0.104687255,0.028848124,0.069302552,0.098995784,0.127480195,-0.200593111,0.148688244,-0.001197376,0.209684355,-0.159339621,0.073602456,0.214295276,0.164318186,0.159525968,-0.115083071,-0.023892829,0.015862312,0.00762317,0.166530645,-0.244770088,0.038290722,0.180150907,-0.271260392,0.002663957,0.009850176,-0.007283528,-0.134460418,0.128253242,0.012046462,-0.015743412,0.016847614,-0.011378323,0.004212063,-0.006934978,0.00696246,0.128287362,0.00928392,-0.049634836,-0.054636912,0.093627167,-0.004955147,-0.002501905,0.024069708,-0.013760994,0.004644445,0.0066585,-0.033810936,0.01144119,0.007155614,0.014517881,0.012252562,0.005909468,-0.007773593,-0.067947083,0.012931049,-0.003100562,-0.018401316,0.00287952,0.016642823,0.000382183,0.016488728,0.007722018
2015/8/28,-0.275534774,-0.131505352,-0.135749922,-0.33066808,-0.002372933,0.080703149,0.218868541,0.075785952,0.015328051,0.104279045,0.081346311,-0.219900426,0.234045287,0.010819913,0.155104616,-0.21904654,0.158774404,0.183083917,0.085876663,0.288915837,-0.072750126,0.088848529,0.082692574,-0.010047908,0.06091334,-0.287582087,0.143920789,0.195454676,-0.275451865,0.010390447,0.020906976,-0.018492643,0.010546634,0.004133547,0.003323013,0.021714097,-0.05215089,0.008254959,0.024843238,-0.011871174,0.009138479,0.16695681,-0.00684463,-0.022318159,0.032168414,-0.053381632,0.003513807,-0.021581221,-0.021118662,0.00024381,0.024887105,-0.013450638,0.014874862,-0.006781647,0.003757441,0.028180961,0.002724974,-0.005417768,0.010513534,0.056422019,-0.001637882,0.020040397,-0.016464196,0.011109106,-0.029049134,0.007793803,0.002397911,-0.004117195
2015/9/29,0.569860071,0.083444422,0.091684982,0.106505311,-0.004706045,-0.028853329,-0.095118113,0.030426541,0.064947636,-0.031943545,-0.032447965,0.123171442,-0.050942407,0.011297861,-0.037464932,0.069805351,0.028453525,-0.05771351,-0.14241158,-0.118297816,0.12870258,-0.005383869,0.002119695,0.001193011,-0.085986829,0.054994205,-0.088524765,-0.059514095,0.179430828,-0.018827163,0.002714191,0.031385478,0.039530348,-0.036898611,0.017816964,0.014649179,0.011746314,-0.051962164,0.039098322,0.004045701,0.001352961,-0.053393316,0.010298763,-0.029229104,-0.033871657,0.046285908,-0.015134995,-0.005540719,-0.0054782,-0.016494935,0.000502131,0.000593173,-0.063129496,0.050539908,-0.011322146,0.011610866,-0.008014846,0.013596367,0.01440445,-0.025007112,0.013540749,-0.00036803,-0.017763213,0.081057813,-0.089190948,0.002884213,0.006847301,0.002088379
2015/10/29,0.917687444,-0.031079046,-0.102698323,-0.171592375,0.030906959,-0.050519971,-0.000579527,-0.088188855,-0.080669968,-0.073500077,0.059643236,-0.143386184,0.04578832,-0.031736727,0.060315009,-0.148088606,0.168703048,0.036815603,-0.034717126,-0.038154205,-0.054014816,0.078447986,-0.097789056,-0.097529619,-0.004732578,-0.175973418,-0.068024716,-0.01493962,-0.015240631,-0.036473854,0.026637976,0.000803277,-0.038380792,0.045023596,0.016072541,0.011206336,-0.030617112,0.011974008,-0.018889943,0.001553815,0.002861953,0.048120847,0.019971633,-0.042046326,0.073375741,-0.17311759,-0.027275147,0.007635488,0.00348613,-0.007514234,-0.011534262,0.020129038,-0.035395177,0.035269554,-0.022218235,0.006478997,-0.007115584,-0.008572089,0.002915343,0.085233907,-0.000513526,0.001379815,-0.013572239,0.038307488,-0.035014782,0.005297225,-0.011286638,0.015148952
2015/11/27,0.476824393,0.021497568,-0.133784668,-0.064272606,0.051610747,-0.05043809,0.07069004,-0.04575329,0.003311481,-0.064578193,0.059979879,-0.175771784,0.190661129,-0.014894413,0.034970653,-0.058648555,0.07382646,0.070474701,0.007923267,0.105913657,-0.091673325,-0.063545006,-0.003161518,-0.060036521,0.0390822,-0.193793996,-0.070946659,0.071935597,-0.188890809,-0.016017186,0.022479781,-0.011503212,-0.05268096,0.044595456,-0.004834894,-0.021122356,0.008710374,0.053678782,-0.053851973,-0.004547165,0.009044752,0.057751176,0.000484911,-0.020728601,0.100565027,-0.251010228,-0.015800643,-0.007465184,-0.001452491,-0.017050602,0.006433832,0.011537019,0.004955545,-0.012553205,0.005732384,-0.014710303,-0.012263976,-0.011998939,-0.020422401,0.105418654,0.010378774,-0.011172849,0.000444712,0.008016215,-0.004020778,-0.00033861,0.006798866,0.021643659
2015/12/30,-0.65440172,-0.010405567,-0.044428506,-0.078013358,0.031247193,0.068358081,0.033563339,0.043387036,0.02656531,0.019800946,0.103008968,-0.090852943,0.083175474,0.008763909,0.043177433,-0.022323124,0.075240932,-0.020356528,0.093138278,0.112223005,0.07548661,-0.118609518,0.04309122,0.005683369,0.07746495,-0.005551416,0.149682758,0.073974409,-0.062614137,0.013846414,0.003519318,-0.014463911,0.069487846,-0.099458767,0.002057768,-0.000815568,0.001162699,0.001320902,-0.000486239,-0.007513113,0.004845445,0.053086216,0.001149021,-0.002647417,0.001608329,-0.006113639,-0.006765807,0.000697027,-0.001896163,-0.01250639,-0.002129862,0.00241019,0.008466567,-0.007107053,0.011737734,-0.010658194,-0.00662636,0.004780238,-0.006778997,0.012629828,0.015807205,0.004607766,0.012489426,-0.026725964,0.041845718,-0.008928814,-0.009372453,-0.010249214
2016/1/28,0.181216255,-0.024313715,-0.090692533,-0.159938039,0.04198932,0.089678142,0.068674898,-0.045641524,-0.0491412,-0.063500658,0.047425309,-0.155740714,0.074861628,-0.00755196,0.022525347,-0.057944805,0.086047184,0.103756707,0.012167799,0.074577157,-0.014132624,-0.07217559,-0.030309499,-0.030560743,0.094050104,-0.171305527,-0.013978787,0.06315174,-0.130032817,-0.003718657,0.010021763,-0.0163561,-0.018983021,0.056246261,0.010940008,-0.011104795,0.01969726,-0.011347677,0.007809172,-0.003845346,0.002508188,0.080375452,0.000193114,-0.00815607,0.004571196,-0.024977882,0.002742864,-0.005979461,-0.007937538,0.003352514,-0.000108983,0.015878097,-0.022886678,0.024625928,-0.007767792,0.004774336,-0.000744645,-0.001718695,-0.002402061,0.001634037,0.003644064,0.003354401,-0.008395526,0.005464906,-0.006821293,0.004356698,-0.003001512,0.011277528
2016/2/25,0.395416247,-0.030909886,-0.051336818,-0.077077396,0.012378673,0.028956962,0.004051414,-0.033642914,-0.08179902,-0.003915037,0.052424711,-0.052600041,0.040415209,-0.007469229,-0.023645107,-0.034396816,-0.057389799,-0.003547434,0.013662796,-0.045086844,0.02245315,0.05541223,-0.008673663,0.000617577,0.013809221,-0.087397542,-0.02328102,-0.031932791,0.009243766,-0.012421538,0.006020431,0.009012938,-0.056960007,0.078153599,-0.026838382,-0.036949899,0.034962667,-0.021842422,0.011105283,-0.001133093,-0.005312592,0.026527408,0.008008281,-0.02930333,0.041967532,-0.074674685,-0.008415703,0.00716673,-0.001599393,0.002203827,0.001654251,-0.010510638,0.0423238,-0.027438408,0.006082697,0.017396237,0.006437354,-0.002398852,-0.006634651,0.048209492,0.000960924,0.00302221,0.002474681,0.068012207,-0.061066928,-0.008633781,0.013307382,-0.007368043
2016/3/30,0.073720515,-0.087931234,-0.221906985,-0.347409521,0.004473979,0.149882183,0.162059181,-0.057026781,-0.070170192,-0.041640122,0.17243027,-0.308403261,0.15242694,-0.039709973,0.066123871,-0.132426767,0.261678249,0.094412949,0.051985186,0.061711728,-0.013202046,-0.185458734,-0.012661236,-0.075581039,-0.016066141,-0.23393194,0.079650721,0.103150377,-0.202645054,-0.000590517,0.027384295,-0.002356828,-0.042992709,0.034980449,-0.009194908,-0.024538688,0.029918184,0.011963633,-0.028492991,-0.004621793,-0.008841836,0.140038823,-0.002314041,0.004168266,-0.033046196,0.074864323,0.000651182,0.005057377,0.003252146,-3.23E-06,-0.0026515,0.006931059,0.008888617,0.005097972,0.005445041,-0.00700418,-0.000479174,0.011102484,-0.000554998,-0.056228246,-0.003091516,0.009078852,-0.002376863,-0.011571269,0.010263495,-0.005126446,0.00518501,0.002484583
2016/4/28,-0.040683961,0.021866487,0.025227876,0.029723146,0.074669034,0.097234196,-0.024469098,0.018370865,-0.016547318,-0.008680831,-0.00812506,0.03931904,-0.000463449,0.00929375,0.083797308,-0.017898048,0.002392577,-0.047042979,-0.015000213,-0.032071139,0.016216361,0.011730789,-0.019503245,0.068806986,0.035251378,-0.008066069,-0.040790823,-0.044665456,0.014229526,-0.002001995,-0.000842593,-0.020981083,-0.045144337,0.055170366,-0.004329671,0.016790676,-0.033380021,0.020065016,-0.017418103,0.005921268,0.003784427,-0.00732761,-0.007583218,-0.006683593,0.005006565,-0.048184383,-0.000637913,-0.001863218,0.009091584,-0.008184969,0.006881329,-0.007116207,0.002574377,-3.47E-05,0.000225521,0.00722794,0.000930255,-0.00597524,0.005226043,0.047954877,0.005611317,0.000364569,-0.010549524,-0.038780324,0.039500294,0.015507452,0.030800758,0.00255737
2016/5/30,0.372939817,-0.044387279,-0.106951275,-0.146036976,0.002462096,0.131066855,0.080404219,-0.083468342,-0.055546403,0.011770412,0.06396326,-0.140470294,0.083245003,-0.023772125,-0.046831935,-0.082463998,0.067581202,0.040107755,-0.005592953,0.046965754,0.056909732,-0.054784063,0.032232426,-0.028714932,0.004029738,-0.129191472,-0.00469227,0.000880956,-0.133137404,-0.012251756,0.016667426,0.009843382,-0.015222979,0.028821624,-0.011984081,0.012254988,-0.008860685,-0.023542422,0.016885713,-0.008057719,0.009916991,0.06117428,0.00763653,-0.01602156,0.037699935,-0.097105718,-0.003185205,0.005802974,-0.011106798,0.003064063,-0.001668532,-0.00281575,-0.105707173,0.102040664,-0.008296581,0.019293575,-0.002069451,6.37E-05,0.018861673,0.068942108,0.007336208,-0.000256035,-0.007524015,0.022525207,-0.022573264,0.007920343,-0.000277171,0.000823234
2016/6/29,0.112314756,-0.031009484,-0.09735475,-0.037949876,-0.043655087,-0.014511505,0.032788985,-0.075776161,-0.015612531,-0.044333359,0.140760291,-0.070335754,0.022278367,-0.030418011,0.020755469,-0.042522781,0.053778424,0.06971649,0.004225329,-0.016368645,0.025879573,-0.024137503,-0.016199782,-0.01834872,-0.031155806,-0.069747989,0.000493698,0.04120153,-0.06605731,-0.00299825,-0.009702026,0.015187042,0.018120357,-0.041262541,-0.002891848,-0.077982576,0.067474294,0.008992435,0.000661643,-0.01688798,0.001278932,0.031181683,0.004154679,-0.007215224,-0.028429005,0.049063757,0.009819348,-0.006151288,-0.014472478,-0.007998261,0.006339213,0.003159263,-0.038528878,0.040075178,-0.009636328,-0.003640406,-0.005369727,0.00342863,-0.013260145,-0.03888081,-0.001954428,-0.003493995,0.014592021,-0.041103452,0.051664496,-0.003501544,-0.017691742,0.01068645
2016/7/28,0.44615907,0.123102961,0.086330056,0.145766791,0.074935462,-0.009311014,-0.05838784,0.083903469,0.071574086,0.065906337,-0.084476265,0.081708619,-0.044747831,0.006178742,-0.004456041,0.101569318,-0.000845847,-0.052291147,-1.04E-06,-0.057067944,-0.02142464,0.031343558,-0.022739387,-0.026825431,-0.015855446,0.0481981,0.005185648,-0.058463699,0.073321858,-0.020991751,-0.000208471,-0.000957156,-0.021736752,0.026088371,-0.008538503,-0.018330956,-0.000790463,0.016080976,-0.006120575,0.00261212,-0.001896233,-0.062044803,-0.001472065,-0.008003316,0.028520474,-0.04516142,-0.004293733,0.008022126,0.009233261,-0.003518881,0.002226051,-0.006941507,0.008854353,-0.008886016,0.003672306,-0.001618689,-4.83E-05,-0.002980386,-0.015676233,0.019744984,-0.00203102,0.004469217,-0.004353966,-0.021533958,0.033347018,-0.000910486,-0.001135331,0.002916716
2016/8/30,0.381801222,-0.163396967,-0.113561865,-0.28754923,-0.068768474,0.011855807,0.128114427,-0.160828744,-0.035343715,-0.010709481,0.139612209,-0.187750395,0.089050606,-0.024299024,0.03489831,-0.235418043,0.032118867,0.06632403,0.056760806,0.117577025,0.001713384,-0.001850634,0.000567589,-0.009607895,0.025146769,-0.076273849,0.067341305,0.080778276,-0.087074043,-0.014893986,0.009786909,0.000833376,-0.001097332,-0.006722774,-0.003345245,0.010513301,-0.032708656,0.003820928,0.003202748,0.006727393,-0.005712212,0.119429125,-0.00129805,0.002528946,0.006332705,-0.037322409,0.006413436,0.005275606,0.000472713,0.005244755,-0.004435279,0.00292146,-0.017891273,0.017909278,-0.00967268,0.009661018,-0.002587161,0.003555897,-0.004751362,0.021677994,-0.004261266,0.003982602,-0.013408373,-0.022454595,0.03343908,-0.004225578,0.002790599,0.001860932
2016/9/29,-0.004698375,-0.237399491,-0.21008538,-0.397252594,-0.150587008,0.027735632,0.196196796,-0.243835454,-0.083453544,0.003870121,0.123479118,-0.250847522,0.086488499,-0.053354268,0.032328086,-0.319542753,-0.01016443,0.121436182,0.061710156,0.179633534,-0.001036349,-0.019297614,0.024467072,0.027204901,0.059012739,-0.070894894,0.12299763,0.143408793,-0.116606119,0.005723015,0.015459694,0.004408367,0.045908921,-0.038685616,-0.001810748,-0.023262096,0.017975693,-0.001020597,0.00325458,0.00309375,-0.001560979,0.162573097,0.006392298,-0.010277958,0.020967065,-0.05798027,-0.004369284,-0.002908441,0.000984409,-0.012595134,0.009193497,-0.004723053,-0.003325182,-8.86E-06,-0.000321936,-0.008512529,-0.001915474,-0.00441514,0.006503008,0.046836188,-0.007427207,0.0041439,0.001085383,0.038724912,-0.039532947,0.001488508,0.000516198,0.003013581
2016/10/28,-0.438785288,-0.083663933,-0.073655317,-0.122209038,-0.039462521,0.028063643,0.066779306,-0.057668212,0.002767055,0.07086562,0.039713934,-0.083001118,0.039118409,-0.013905303,0.01524447,-0.082003105,0.007952468,0.049673439,0.048453711,0.038866559,-0.034688059,-0.003930474,0.003085426,-0.007135562,0.040827999,-0.060789204,0.061740883,0.084035173,-0.130688742,0.020966175,0.016876692,0.004300513,0.013485794,-0.01210368,0.002106476,0.006490809,-0.008196637,0.01758002,-0.02429049,-0.003981457,-0.005449137,0.049227032,0.002814927,-0.009847095,0.049452548,-0.091243621,0.000339875,0.002464087,-3.26E-06,-0.002452316,-0.007071298,0.00600094,-0.002019064,-0.004281741,0.001333033,-0.000292811,0.015787606,-0.003171767,0.001294779,0.070503379,-0.000190418,0.008694712,-0.004691776,0.017993682,-0.016845968,0.00478148,0.000908875,0.010735673
2016/11/29,0.160890036,0.063498416,0.065016902,0.16350525,0.055865183,-0.059647918,-0.119998271,0.06201266,0.076652662,-0.031922412,-0.064587203,0.118875804,-0.065212452,0.060513758,-0.094841596,0.166011219,-0.037274838,-0.023169975,-0.046981628,-0.100346934,0.0137033,-0.061275507,0.015504718,-0.007672503,-0.021137562,-0.023984683,-0.121754368,-0.034787755,-0.02219566,-0.011537454,0.005392127,0.00142124,0.016481072,-0.026809977,0.00207497,-0.02028979,0.031852912,-0.013613803,-0.002373019,-0.007404243,-0.006985293,-0.076801729,0.002189027,-0.002952972,-0.002135949,-0.028336912,0.006672524,-0.000626068,0.001679025,-0.00855347,0.003678998,-0.002650173,0.005155881,-0.007446004,0.00110977,0.003597136,0.004147553,0.006076477,0.010760433,0.055524425,0.003660489,-0.00229507,-0.007398091,-0.023900207,0.028596445,-0.002715622,0.006236916,-0.01155
2016/12/29,-0.283616677,-0.051643923,-0.063515424,-0.108306966,-0.010309777,0.013490132,0.05098278,-0.055293172,-0.040064061,-0.019062479,0.04091205,-0.077831863,0.044111774,-0.010420453,0.018105441,-0.091054581,-0.010129364,-0.003124294,0.112636307,0.077593907,0.085373305,0.008955945,0.015822344,-0.000691442,0.028153292,-0.010181882,0.097165912,0.009586007,-0.018338978,0.012057051,0.003609727,0.010313301,0.03881362,-0.051988985,0.005597683,-0.020743307,0.005365551,0.000816953,0.00076215,0.006620634,-0.000261098,0.051397882,-0.007905438,-0.005851256,0.015723849,-0.010054491,0.004827999,0.005742951,0.004536269,0.003931473,0.002253031,-0.003909997,0.002777372,0.005608054,-0.012493082,0.002158442,0.007272061,-0.002308469,0.000985696,0.002778292,0.001532766,0.000285112,0.007257863,-0.003351822,0.011353639,-0.002391137,0.016524092,-0.004607867
2017/1/25,0.329200855,-0.025340379,-0.023432778,-0.036346826,0.00741537,0.021861284,0.020950396,-0.010917607,0.002776133,0.011084716,0.049439252,0.004199244,0.015312658,-0.006307953,-0.005807018,-0.031379067,-0.002341111,0.030206339,0.063633203,-0.004646965,-0.014592462,-0.03241878,-0.007746324,0.017163128,-0.012423693,-0.051764963,0.050554879,0.023714974,-0.017943942,-0.013111246,-0.002562699,0.002369683,-0.02153043,0.017596262,0.006314685,-9.75E-05,0.002131879,-0.013510108,0.008914095,-0.000811237,0.001711528,0.010358925,0.000381423,-0.009129093,0.026422044,-0.071074169,0.003879614,0.001877287,-0.001035335,-0.002593408,-0.002490578,0.007857919,-0.009694483,0.003811542,-0.003305679,0.010995132,-3.21E-05,-0.001222423,-0.005072459,0.052087062,0.006457153,-0.00413555,-0.013253327,0.025909504,-0.015605346,0.003792698,-0.014444855,0.00401583
2017/2/24,-0.238586396,-0.014235668,-0.012456889,-0.021040472,0.041119835,-0.014170882,-0.00474498,0.037389053,-0.016324806,0.042480828,0.004785247,0.019576312,0.017298323,-0.014433352,-0.016719549,-0.019383245,0.034627284,0.005895291,0.094803881,0.062150462,-0.013099339,-0.017619948,0.008149954,-0.005364063,-0.00123515,-0.006931373,-0.035239877,-0.000680795,-0.005527054,0.008119411,-0.003749849,-0.009022879,-0.058087026,0.06410118,0.000106228,0.017699345,-0.029507935,0.012171736,-0.004602097,0.003767814,-0.002088321,0.007544277,-0.003532705,0.010000268,0.002119617,-0.020438112,0.000724755,-0.0015979,-0.000417055,-0.004210596,-0.001293533,0.00099935,-0.022369551,0.015736095,-0.019049983,0.012773582,-0.005377745,0.001864386,0.006005973,0.015689597,0.008620452,-0.001565257,-0.00231297,-0.028597245,0.043277381,0.00563711,0.016602457,0.0080179
2017/3/30,-0.56245982,0.050978392,-0.011306714,-0.02585558,0.032702243,0.012340195,0.008766407,-0.025104558,-0.017211245,-0.011916704,0.042713662,-0.028318111,0.021922951,-0.006733946,-0.000656953,-0.016421572,0.01473631,0.011452508,0.004089528,-0.02817636,0.043087282,-0.014492644,0.003943219,-0.019743934,0.02112051,-0.012672493,0.096144415,-0.004411907,-0.107568199,0.021425342,-1.01E-05,0.001463189,0.073547803,-0.085356121,-0.002073154,0.012164918,-0.021710824,0.020536927,-0.0071829,-0.000560133,-0.008075164,0.009705166,0.003604757,0.020173042,0.029275478,-0.089317799,0.002834034,-0.001632915,0.008099474,7.41E-05,-0.00633789,0.00112366,0.00499461,0.002534056,0.010152996,0.0084701,-0.012280042,0.003961996,-0.003960484,0.075543948,-0.002658768,-0.002215031,0.006702146,-0.018306304,0.027720487,-0.004376216,-0.019533236,0.007744548
2017/4/27,-0.391223424,-0.180546503,-0.305771726,-0.576814219,-0.157799567,0.036769417,0.30200505,-0.239024866,-0.071258376,-0.112558923,0.221910649,-0.352727133,0.173683351,-0.198875959,0.101201317,-0.613820203,0.096558381,0.343130619,0.180674894,0.21820673,-0.017590998,-0.004785613,0.011402173,-0.036346551,0.162166226,-0.027189129,0.323942024,0.1902164,-0.09444854,0.019657128,0.023558871,-0.003596064,0.069224686,-0.062790031,-0.006776007,0.008984925,-0.025083522,0.00080758,0.007299048,-0.001580864,0.001002454,0.270062101,0.003651961,0.005523541,0.030293902,-0.092053055,-0.000209481,0.007504585,0.005300288,0.00116508,-0.003103172,-0.001362817,-0.003236082,-0.003753524,0.003059287,0.002509909,-0.003275267,0.003923089,0.016705839,0.07370351,-0.009107806,-0.001641367,-0.00288971,-0.055757201,0.075050992,-0.003311497,-4.52E-05,0.003387518
2017/5/26,-0.17732759,-0.076232663,-0.125726816,-0.238388928,-0.043619245,0.048391164,0.134786227,-0.087134924,-0.019609529,-0.065787216,0.073197206,-0.119349569,0.04356292,-0.02616473,0.032033178,-0.217075039,0.007787169,0.136261936,0.09628818,0.080146436,0.071153825,-0.013667184,0.016164616,-0.000137616,0.07915164,-0.003694388,0.078773868,0.050081392,-0.028715876,0.010884112,-0.001586883,-0.004399154,0.045492557,-0.052474092,0.020089034,-0.011881709,0.029770691,0.005470193,-0.018622619,-0.003529949,0.004973925,0.100134331,0.006379322,-0.004942634,-0.006429446,0.006384,0.010853621,-0.004843548,-0.013765411,-0.003466616,0.00253733,0.005392158,-0.01850943,0.020186902,0.00058871,0.017886526,-0.008146389,-0.003608974,0.001990708,0.000943502,0.013068165,-0.006377007,0.004891742,0.007347738,0.000311394,-0.001165885,0.006520228,0.000106496
2017/6/29,0.057827748,0.087427776,0.117885054,0.317234361,0.100933459,0.17886076,-0.186489211,0.156124405,0.023987912,0.071653007,-0.122779213,0.155754008,-0.062982979,0.090591593,-0.046877171,0.370736032,-0.030655476,-0.196504426,-0.056873289,-0.122102197,-0.054565273,0.019301269,-0.020838084,0.048774056,-0.083225995,-0.01913969,-0.048299425,-0.11182541,0.076049415,-0.006978169,-0.004781995,0.008845713,0.033256416,-0.038772305,-0.003314973,-0.012049687,0.001507738,0.013585579,-0.004580699,-0.000900863,-0.002435988,-0.145384182,0.007287542,0.00562641,-0.012676318,0.029402288,0.009970718,0.009765129,-0.009263337,0.00878551,-0.003994095,0.004242866,-0.023723964,0.01116001,-0.005965409,0.006341906,0.013338075,0.001822988,0.00091894,0.002668024,0.011128931,-0.004918566,0.004875833,0.037756797,-0.042174613,-0.008562946,0.00773245,0.002832937
2017/7/28,0.168524586,0.043999086,0.098374931,0.257825131,0.078785732,0.078225465,-0.191398892,0.09642098,-0.00173765,0.00775343,-0.12928745,0.11948504,-0.08963771,0.069239254,-0.031346351,0.25792624,0.00985533,-0.128436697,-0.119146831,-0.148630129,-0.081943253,0.008762411,-0.026829921,0.007424837,-0.131289973,-0.030993351,-0.033350055,-0.117298754,0.064947669,-0.009515999,-0.001357186,-0.001714674,-0.105558083,0.101520482,0.002696648,-0.003823263,0.015711937,-0.004206357,-0.009397592,-0.003235838,0.002381503,-0.125358546,0.000555091,0.000414439,0.000271659,-0.024817736,0.005486492,0.001500898,0.003534855,-0.012788891,-0.001061164,-0.000336437,-0.004875306,0.002071482,0.002641639,0.005966223,0.00706956,0.001764065,-0.001723717,0.023383804,0.000531734,0.006291669,-0.00748314,0.014682175,-0.016946458,0.00408987,0.005759275,-0.003914655
2017/8/30,-0.110174797,0.045386024,0.059178397,0.234154012,0.094007328,0.038880184,-0.128268581,0.085399131,0.015916506,0.008276179,-0.077956327,0.04310101,-0.044335916,0.143479702,-0.018810402,0.254793471,0.02007079,0.062133824,-0.057560347,-0.072113816,-0.035097886,-0.07360547,0.024697938,0.024915525,-0.066634605,-0.057585091,-0.105789635,-0.08788979,-0.019392896,0.000990252,-0.009736995,0.004876482,0.04462652,-0.057403134,0.008175785,-0.010964635,0.001610868,0.01508653,-0.00855789,-0.010074092,-0.00549313,-0.104183494,0.01377712,-0.007099069,-0.01575122,0.045800411,0.004413539,-0.001386494,0.014279463,-0.008728415,-0.000358333,-0.00877725,-0.015471334,0.008298126,0.005005844,0.007669321,-0.000269391,0.002191085,0.003346181,-0.026608582,-0.019676912,-0.000507523,-0.016158981,-0.006818928,0.021936634,0.001580364,0.015197126,0.000359155
2017/9/28,-0.506500638,-0.048299103,-0.093532967,-0.191208582,-0.039088624,-0.053247278,0.150618189,-0.073603007,0.02988104,-0.017099015,0.119922804,-0.051259239,0.067627561,-0.103857638,0.01088209,-0.219417044,-0.010982599,0.067086656,0.085346944,0.108820757,0.020818184,0.041727635,0.017462886,0.018636643,0.09238191,0.015926924,0.08030678,0.09598623,-0.074190537,0.022034065,0.011636866,-0.014084307,0.092048287,-0.094189325,0.010740628,-0.039288403,0.007741435,0.045398146,-0.025868748,0.000897083,-9.64E-05,0.097903481,0.002987421,0.006663843,-0.019676155,0.03325827,4.14E-05,0.008245681,-0.002704572,-0.002646448,0.001756938,-0.00086441,0.000677715,0.003464296,-0.004069529,-0.000360535,-0.001095179,-0.000837358,-0.002834133,-0.02639753,-0.001281749,0.001495689,0.006881948,-0.019472745,0.028102064,0.001468589,0.005078067,-0.001377815
2017/10/30,-0.384800948,-0.035263483,-0.087549571,-0.202055586,-0.061201869,-0.001744913,0.106615791,-0.053034925,-0.026451026,-0.045958109,0.049446012,-0.05369563,0.016778187,-0.071541924,0.00210735,-0.157747003,0.023745039,0.139664849,0.146088055,0.088223736,0.056445082,0.017174069,0.005051846,-0.0442435,0.075697991,0.040073979,0.14061474,0.0620114,-0.044350564,0.014972841,-0.002477037,-0.001187679,-0.05366936,0.054595103,0.005551585,-0.014659553,0.029075429,-0.010837277,-0.019285396,-0.000296271,0.004168588,0.079453207,0.009873309,0.011741793,0.000659574,0.014907931,0.000823429,-0.001683513,0.018089845,0.000716768,0.00553698,-0.004637025,0.016197803,-0.022778967,0.004919688,-0.007238482,0.004644991,0.003439943,0.000840126,-0.008749995,0.006096697,0.001238454,0.025624799,0.014667382,-0.011393417,0.001876562,0.010076123,-0.006071281
2017/11/29,-0.22716246,-0.053911127,-0.058038337,-0.201664829,-0.075564017,0.008179412,0.067997975,-0.091777426,0.027955157,-0.039157276,0.068899466,-0.033492907,0.021288945,-0.059799974,0.017455999,-0.14572341,0.004554408,0.10668875,0.041319089,0.130871334,0.068407659,-0.028485841,0.011551792,0.065224345,0.083546803,0.031030723,-0.002260931,0.10722244,-0.051151634,0.009022787,0.005815046,-0.002674128,0.000764233,0.005062108,-0.004974284,-0.003530608,0.002168008,0.001316297,-0.009239427,-0.00065202,0.000940151,0.084759452,0.006827199,0.003613701,-0.019739767,0.022502766,0.005739634,-0.00167558,-0.001821383,-0.023323066,-0.003699859,-0.004107995,0.00050785,0.003922599,-0.003096667,0.013973337,0.002056196,0.00035036,0.001607782,-0.007864143,-0.008884563,0.008281501,-0.008136721,-0.001176342,0.014378468,0.002110983,-0.000855894,-0.000135475
2017/12/28,-0.226533422,0.160065958,0.128271325,0.583478312,0.129251868,-0.034042322,-0.361179064,0.189895829,-0.112788471,0.037903534,-0.216435402,0.085919865,-0.149590584,0.132597471,-0.029407942,0.401641566,-0.047800953,-0.344967955,-0.265856667,-0.279053121,-0.216772267,-0.088131889,-0.066714014,-0.011233554,-0.235249126,-0.108784088,-0.235650199,-0.278840573,0.087707266,0.006240817,-0.008633505,0.004296279,0.00081128,-0.011477483,0.014337865,-0.004983592,0.004807173,0.005487461,-0.002055085,0.005883664,-0.003871401,-0.246599452,0.003717563,-0.00832169,0.032120729,-0.033758683,0.002162392,0.001391681,-0.01894905,-0.028386705,-0.000564957,-0.000682477,0.012017735,-0.014865795,0.011440413,2.62E-05,-0.004983498,0.00125135,0.008951145,0.030375393,0.00792836,0.002324785,0.01898916,0.040683155,-0.040924181,-0.004931113,-0.003496087,0.013376124
2018/1/30,-0.070062981,-0.187007308,-0.185780891,-0.562200977,-0.149409527,0.010290589,0.254310351,-0.234858801,0.022903034,-0.074184823,0.162109452,-0.092564967,0.131633565,-0.17130905,-0.022110459,-0.343045153,0.007262318,0.220622663,0.201365795,0.266891016,0.120507235,-0.02994627,-0.047135266,-0.053974412,0.152186577,0.046916842,0.243751228,0.159457144,-0.100261251,0.003169343,0.003775227,-0.006490442,0.1021212,-0.087866391,0.003410018,-0.002978065,-4.74E-05,-0.009353408,0.000687245,0.001174647,0.000577146,0.213442429,0.003436589,0.015643382,-0.000561139,-0.012960303,0.006421081,0.003616318,0.003247402,0.008970866,-0.000838557,0.000764718,-0.002999568,-0.002236695,-0.003126642,0.012004688,-0.000119905,0.003107591,0.006066328,0.009492517,-0.002955017,-0.009764486,0.001707297,-0.013833177,0.024183034,0.001663936,0.006746053,-6.45E-05
2018/2/26,0.115464885,-0.003184796,0.02247597,0.09937878,0.016098894,-0.010820614,-0.023789765,0.001236718,-0.013982775,-0.012829011,-0.021755049,-0.019590146,-0.037588999,-0.004252144,-0.004255903,-0.005911941,0.093131149,0.001116911,0.012625621,-0.005960123,0.06754226,-0.012989289,0.037997792,-0.026530844,-0.000663984,-0.061230579,-0.083169687,-0.012928194,-0.023727552,-0.005986987,0.001957663,-0.003338462,0.069680701,-0.06797149,0.007575249,0.001195035,0.003990856,-0.011449652,0.008196533,0.002114504,0.003927847,-0.012605328,-0.001467608,-0.032321031,0.003070635,-0.00147962,-0.010546304,0.003592018,0.011500707,-0.001901961,0.002653857,-0.002659364,0.013625283,-0.009733652,0.012824451,-0.00382275,-0.00572992,-0.00320214,0.003223827,-0.005309821,0.010379201,0.008982809,-0.00725812,0.015457078,-0.030317336,0.000912884,-0.007502936,0.001203793
2018/3/29,0.202201454,-0.011860898,0.005234276,0.092274653,0.011808754,0.004452969,-0.017404534,0.030628861,-0.012401035,0.011049175,-0.001715007,0.001950208,-0.014125008,-0.003620251,-0.014683259,0.019093343,0.117195525,-0.020954947,-0.016261159,-0.034564424,0.083623091,-0.017557579,-0.005128098,0.024967285,-0.037844667,-0.02043683,0.022743431,-0.034214666,0.009899526,-0.01216372,0.001252999,0.003740618,0.01087938,-0.009653389,-0.001265999,-0.034912986,0.025272632,-0.006850388,-0.003198282,0.007399444,0.001480073,-0.021212669,-0.009014641,0.019534651,-0.005597119,0.019161472,-0.007703108,-0.000263297,-0.001302504,-0.010018951,-0.003174084,0.001821854,0.000437882,0.010150099,-0.0015224,-0.008958983,0.002065554,0.000924942,0.003663088,-0.001291553,-0.008551278,1.48E-05,-0.000949448,0.016119786,-0.026585128,-0.002494923,0.003745767,-0.000259282
2018/4/26,-0.12007108,-0.098974329,-0.07612628,-0.224748357,-0.112010037,-0.027219925,0.128092611,-0.11230075,0.067523647,-0.057396229,0.090199922,-0.039837206,0.064933028,-0.047613941,-0.009579115,-0.131450993,-0.068064755,0.071547827,0.068641711,0.196388697,-0.01188485,-0.023044632,-0.064043174,0.166251337,0.132026457,0.059431778,0.013695349,0.165420861,-0.117975433,0.005008279,-0.003782407,0.014952313,0.024473834,-0.028093729,-0.002387608,-0.00950404,0.002510789,-0.010551483,0.009914694,0.000990447,-0.002218958,0.103979553,0.003178295,0.009159861,0.007566622,-0.023074958,-0.002573754,-0.000743263,-0.013060008,0.001143248,0.000810165,0.000139171,0.001604303,0.004519314,-0.004514552,0.01220635,-0.003122167,-0.007694744,0.00113322,0.016946213,-0.015914451,-0.003701416,-0.024075358,-0.01529104,0.023239969,0.005338747,-0.015716516,0.002970141
2018/5/30,-0.317637299,-0.023506273,-0.046161744,-0.220886851,-0.050925829,-0.024779606,0.081328683,-0.060309195,0.018203139,-0.000429265,0.083980312,-0.049563089,0.062755362,-0.02197025,-0.01655076,-0.087159593,-0.008400505,0.048077975,0.075112389,0.144642256,0.0563438,0.029916784,-0.043597427,-0.015288771,0.034308465,0.084525361,0.111526037,0.113104037,-0.070193512,0.008747203,0.004021983,0.001223505,-0.009233281,0.012063327,-0.001087864,-0.006243571,0.004851728,-0.010118357,0.008210935,-0.002840778,0.001052383,0.077365139,0.009998958,0.001284116,-0.007864826,0.0197097,0.001849457,0.001429766,-0.0017747,0.001764904,0.000691882,0.003371279,-0.009218483,0.00521471,-0.003277476,0.020514819,0.007113583,5.67E-05,-0.004470143,0.009104975,-0.005799743,-0.005145162,-0.002812996,-0.012870069,0.02599788,0.007415567,0.02655251,0.004173519
2018/6/28,0.057287376,-0.046846981,0.001170874,-0.194747577,-0.016764226,-0.003780137,0.101621772,-0.030057674,0.017781741,0.089445394,0.029431328,-0.029460141,0.034564487,-0.050059913,0.020907395,-0.074433048,0.022318818,0.090637704,0.132910203,0.062568678,0.084141776,0.03879241,-0.010481042,0.024174004,0.050644761,0.004397816,0.177593234,0.026599001,0.034618,-0.001170917,0.000865272,0.003332869,-0.035395739,0.030651717,0.018333597,-0.003351744,0.008542946,-0.021183679,0.016271753,-0.005507309,-0.00371236,0.063765107,-0.002663485,0.003943604,0.014861281,-0.034777047,0.00250464,0.001285576,-0.016096769,-0.002293859,0.000133427,-0.000443403,0.011627547,-0.01125817,-0.001803727,-0.004425651,0.012252798,0.004639154,0.026203992,0.020267419,0.002371536,0.009869329,0.014256354,0.000635316,-0.002482948,0.000518408,0.011978129,0.001030461
2018/7/30,-0.129749097,0.074994126,0.049449538,0.31393276,0.068265367,-0.023963993,-0.164678048,0.08381491,-0.077894134,-0.026887253,-0.149346303,0.041617945,-0.095488946,0.030088218,-0.035681291,0.148406879,0.051351836,-0.068735933,-0.105956044,-0.160198292,-0.093941132,-0.008224746,-0.00710601,-0.069258273,-0.103188797,-0.011158934,-0.138578173,-0.133854255,0.048888007,0.000377237,-0.000819857,-0.000271924,0.051610532,-0.06221686,0.003787976,0.005357017,-0.005938738,0.006307944,-0.005099291,-0.001844643,-0.002369451,-0.114176758,-0.001940341,0.005339328,-0.011264794,0.035898944,-9.53E-05,0.001997091,0.001486432,0.001484745,0.002678664,0.001320203,-0.001081623,0.00775995,-0.000535997,-0.009547283,0.005271601,0.001216302,0.006428642,-0.019484532,-0.002473827,-0.002339202,0.000884491,-0.009287796,0.006704763,-0.004601841,-0.00565762,0.00198038
2018/8/30,-0.176907882,0.052130657,0.073933131,0.377489053,0.057307181,0.011648703,-0.248351772,0.114696141,-0.092391953,-0.013646148,-0.123269174,0.059327282,-0.135047341,0.06757781,-0.054007258,0.195627003,0.016292383,-0.155473032,-0.157747611,-0.184219101,-0.058729822,-0.011961942,0.007858122,-0.002869971,-0.107292754,-0.049911301,-0.139348012,-0.169194001,0.065092465,0.004479352,0.003701296,-0.000990486,-0.011805712,0.01280018,0.007393423,0.012186913,-0.005257827,-0.004110101,-0.012409184,-0.003374541,0.003639542,-0.1492698,-0.003850978,0.004809922,-0.013472346,0.051326667,-0.002858364,-0.001468526,-0.003338016,-0.000218184,0.002772141,-7.28E-05,0.009094097,-0.006887143,0.000295998,-0.007371075,0.004673321,-0.001135553,-0.000496686,-0.018077872,0.001078839,-0.001975098,0.005595568,0.009333114,-0.005133805,0.007107315,-0.013712864,0.005194985
2018/9/27,-0.058161486,-0.022303368,-0.067035235,-0.385920862,-0.086437601,0.016728373,0.214842404,-0.119701622,0.071482061,0.006335056,0.114934858,-0.046420859,0.09029374,-0.0907217,0.03702695,-0.224122321,-0.023430898,0.131044868,0.119700574,0.171017197,0.119142882,0.120987551,0.004839147,-0.024600655,0.141101905,0.090739399,0.22832679,0.163114807,0.038091746,-0.001137397,0.005442801,-0.000887488,-0.009761098,0.001698619,-0.009362132,-0.003807896,0.004191017,-0.008865014,0.002596465,0.000631228,-0.000480149,0.147533865,-0.004391125,-0.010789236,-0.000322004,0.006868697,-0.000259792,0.001664999,0.003954295,-0.001581266,-0.001935873,0.003720742,-0.014591305,0.021550954,-0.001366504,-0.008406637,-0.004896665,0.004468166,0.008541859,-0.003008485,-0.003874067,0.011792387,0.012323034,-0.009438574,0.009928921,-0.014658217,-0.01724328,0.004545102
2018/10/30,0.416027182,-0.017305582,-0.021392596,-0.151826644,-0.063291524,-0.030081388,0.201965249,-0.058484354,0.017482728,0.007832946,0.050995335,-0.021715891,0.069641748,-0.066276634,0.063513271,-0.129220881,0.005054186,0.097534895,0.064629515,0.09651746,0.066682113,-0.010389993,0.035150551,0.02102093,0.087926325,-0.043270754,-0.012991087,0.068448258,-0.067453247,-0.015520739,0.009652389,0.009924369,-0.031606921,0.040146233,-0.000712812,-0.001310192,-0.016206725,0.022460563,-0.021637044,0.006210098,-0.001664133,0.067014637,-0.008524646,-0.018078322,0.00905231,-0.033138595,-0.002749788,-0.002034073,0.009178651,0.003460412,-0.000355351,-0.002334118,-0.012801945,0.010961862,-0.006730715,0.007337352,0.00091931,-0.003859634,0.001467356,0.021084764,-0.002386688,-0.000924048,-0.020210309,-0.010732161,0.006368468,0.002473713,0.003271461,-0.000545672
2018/11/29,0.02044849,-0.003762943,0.037149867,0.003195671,0.036844546,-0.001924174,-0.053421696,0.02058441,-0.033237862,0.010715373,-0.007412202,0.016054035,-0.021664649,0.028342171,-0.004926606,0.027576898,0.008716311,0.097259597,-0.042877785,-0.023729813,-0.037491188,-0.032267092,0.023520366,0.021829686,-0.006884531,-0.033334765,-0.046188005,-0.026701526,-0.011829267,-0.003784496,-0.005771773,-0.003939757,0.008230326,-0.002899796,-0.005179034,-0.017228981,-0.004824028,0.006947658,0.009412741,-0.002593996,-0.002095065,-0.02547128,-0.002607637,-0.002305566,-0.008589274,0.033419105,-0.002212356,-0.003012375,-0.000293778,-0.006898583,-0.002405555,0.00460405,0.013990098,-0.009744044,0.005158358,0.009997184,-0.004634269,-0.002274966,-0.00229394,-0.028246185,0.000586202,0.001481225,-0.004590553,-0.018999931,0.020971736,-0.004125221,0.000505016,0.012130613
2018/12/27,0.238831762,-0.019955846,-0.031719209,-0.153467021,-0.025430915,0.005907076,0.060613754,-0.014640451,0.053273245,-0.01764657,0.048177722,-0.010405672,0.010045737,-0.029376871,-0.008666189,-0.069459087,0.014145325,0.02916274,0.041097232,-0.020073217,0.078568789,0.012955736,0.057353692,0.015363959,0.032947067,0.007471248,0.060277525,0.031253103,0.003508237,-0.010152412,0.005584944,0.015389274,-0.04196653,0.037068445,-0.003871862,0.014175486,-0.025317664,0.016327019,-0.019461011,0.009432835,0.00975723,0.039296699,0.011435725,0.003629586,-0.009332262,0.027445489,0.005593311,-0.006297359,-0.003112743,-0.012384895,0.004054687,-0.002128759,-0.000641255,0.000640067,0.00156611,0.009990129,-0.005239774,0.004598356,-0.002021009,-0.019792724,0.008632379,0.007485881,-0.000846179,0.009104199,-0.002046991,-0.002931003,0.004506634,0.005836713
2019/1/30,-0.262854127,-0.179393922,-0.124479367,-0.463034586,-0.046814935,0.010396071,0.258953602,-0.177555384,0.002210736,-0.00853468,0.090265038,-0.126494709,0.099550009,-0.153031008,-0.018079942,-0.328284597,-0.028643397,0.174517563,0.120112005,0.20588353,0.101702733,0.154474598,-0.111135204,0.048806061,0.240230217,0.058610877,0.194335612,0.155919771,-0.074606207,0.022859854,-0.007167712,-0.009892168,-0.062877203,0.069505832,0.027640665,0.031977434,0.018937357,-0.043405549,0.004771615,-0.007382181,-0.000609661,0.180824107,0.006792129,-0.016871264,0.012817833,-0.029350713,-0.010837328,0.008222827,0.005003802,-0.007230318,0.007542774,-0.010755353,0.002916529,-0.010755961,-0.014989428,-0.013142556,-0.002487749,-0.000273281,0.003416004,0.025362991,-0.013418512,-0.005108489,0.001640694,0.08025722,-0.070862534,-0.007553706,0.001262034,-0.002146678
2019/2/26,0.528165634,0.254736639,0.124961948,0.755416419,0.270996554,-0.054704042,-0.33499989,0.263434949,-0.112868484,-0.02532992,-0.162993041,0.1539956,-0.18643653,0.158340409,-0.025419094,0.505681006,0.139697112,-0.222815391,-0.208608681,-0.348281861,-0.222364264,-0.026349583,0.044970109,-0.055667833,-0.235771261,-0.224960003,-0.412441904,-0.278897309,0.078356664,-0.026235096,-0.008834086,-0.007098149,-0.18331634,0.180214465,-0.003806489,-0.001216947,0.008736165,0.015369791,-0.029696188,0.001043597,-0.001203938,-0.2933456,0.001498806,0.005410663,-0.017143292,0.042919136,-0.003471702,-0.001620725,-0.00469307,0.017031258,0.004896394,-0.002590034,-0.008797335,-0.004185187,-0.004459276,0.0085855,-0.002105611,0.002338238,-0.010221684,-0.019568281,0.012131366,0.006379142,-0.011364246,0.008616768,-0.002394997,-0.007046629,0.006806441,-0.006059099
2019/3/28,0.07376604,-0.059006136,-0.054863084,-0.278241488,-0.132493826,-0.003885643,0.141562484,-0.123098486,0.041367847,0.01131596,0.07085812,-0.022003745,0.066770092,0.000183211,-0.016191419,-0.176822147,-0.0488473,0.086822417,0.08164447,0.144166395,0.066887551,0.089317631,-0.015111218,0.080125307,0.172046296,0.055357695,0.110902183,0.067501354,-0.014501698,-0.002871353,0.014021402,-0.005118092,0.009359491,-0.008867186,0.003110312,-0.056151841,0.043351777,0.011445801,-0.004707712,0.002732388,0.000279895,0.113075551,0.017067689,0.002666944,-0.018971468,0.04701397,0.004456888,-0.006959266,0.005256262,-0.042529139,0.000668872,-0.006125016,0.012082055,-0.00292118,-0.000703444,0.003960469,-0.002094917,0.000385109,-0.031095081,-0.032697931,-0.009126957,0.016070659,-0.000818382,-0.005528522,0.019073042,0.001799414,-0.016587831,-0.002195275
2019/4/29,0.495999921,-0.013878806,0.006840769,-0.102255865,-0.017559048,0.139614035,0.084353833,-0.027868051,-0.005577238,-0.00528318,0.005691189,-0.010632366,0.000105521,-0.019709265,-0.042687821,-0.075404712,-0.024459816,-0.019967155,0.038797034,-0.002938113,0.077715419,-0.00164345,-0.023369696,0.066963822,0.143759103,0.029432343,0.031194022,0.020807742,0.01590984,-0.023921061,0.008829755,-0.002324221,0.17990554,-0.168308894,-0.007955148,-0.061788547,0.029489191,0.013798884,0.008904356,-0.001813531,0.005485278,0.033229122,0.021387862,0.006844376,0.004959528,-0.015564362,-0.008038385,0.006222448,-0.005611168,0.003089152,-0.004544561,0.002526656,-0.005863948,0.011047984,-0.008968051,0.003368582,0.010639455,0.004507464,-0.017016589,0.011603777,-0.002153131,0.01336186,-0.018390215,0.017536348,-0.006091289,-0.009900297,-0.024988489,0.003643735
